NYO × Courchevel · Social,,,,,,,,,
Entregas do time. Preencha 1 linha por entrega. Mudanças aqui aparecem na dashboard.,,,,,,,,,
id,entrega,empreendimento,tipo,prazo_dashboard,data_entregue,status,link_drive,dependencia_cliente,descricao
s001,Diagnóstico de redes sociais @courchevelinc,Courchevel,Análise,2026-05-11,2026-05-11,Concluído,,Não
s002,Diagnóstico de redes sociais @allure.moema,Allure,Análise,2026-05-11,2026-05-11,Concluído,,Não
s003,Diagnóstico de redes sociais Triunfo,Triunfo,Análise,2026-05-12,2026-05-12,Concluído,,Não
s004,Roteiros de conteúdo · primeira leva,Cross,Roteiro,2026-05-15,,Em produção,,Não
s010,Linha editorial parcial (maio · 15 dias),Cross,Calendário,2026-05-14,,Em produção,,Não
s011,"3 primeiros posts (Courchevel, Triunfo, Allure)",Cross,Post,2026-05-22,,Aguardando cliente,,Sim
s012,Reativação editorial @courchevelinc,Courchevel,Post,2026-05-22,,Em produção,,Não
s013,Aplicação selo verificado (3 perfis),Cross,Outros,2026-05-29,,Backlog,,Não
s014,Gravação · primeira bateria,Cross,Reels,2026-05-27,,Aguardando cliente,,Sim
s015,Linha editorial completa (mês 1),Cross,Calendário,2026-05-25,,Em produção,,Não
s020,Produção Mês 1 · Triunfo,Triunfo,Produção,2026-05-31,,Em produção,,Não
s021,Produção Mês 1 · Allure,Allure,Produção,2026-05-31,,Em produção,,Não
s022,Produção Mês 1 · Courchevel,Courchevel,Produção,2026-05-31,,Em produção,,Não
s030,Produção Mês 2 · Triunfo,Triunfo,Produção,2026-06-30,,Backlog,,Não
s031,Produção Mês 2 · Allure,Allure,Produção,2026-06-30,,Backlog,,Não
s032,Produção Mês 2 · Courchevel,Courchevel,Produção,2026-06-30,,Backlog,,Não
s040,Produção Mês 3 · Triunfo,Triunfo,Produção,2026-07-31,,Backlog,,Não
s041,Produção Mês 3 · Allure,Allure,Produção,2026-07-31,,Backlog,,Não
s042,Produção Mês 3 · Courchevel,Courchevel,Produção,2026-07-31,,Backlog,,Não
s050,Conteúdo Chevalier · em standby,Chevalier,Outros,,,Aguardando cliente,,Sim
s060,Calendário editorial · Courchevel · Mês 1,Courchevel,Calendário,2026-05-25,,Em produção,,Não,"Subtarefas: 1. Definir temas e datas do mês. 2. Montar grid visual. 3. Escrever legendas. 4. Revisar com o time. 5. Enviar para aprovação do cliente."
s061,Calendário editorial · Allure · Mês 1,Allure,Calendário,2026-05-25,,Em produção,,Não,"Subtarefas: 1. Definir temas e datas do mês. 2. Montar grid visual. 3. Escrever legendas. 4. Revisar com o time. 5. Enviar para aprovação do cliente."
s062,Calendário editorial · Triunfo · Mês 1,Triunfo,Calendário,2026-05-25,,Em produção,,Não,"Subtarefas: 1. Definir temas e datas do mês. 2. Montar grid visual. 3. Escrever legendas. 4. Revisar com o time. 5. Enviar para aprovação do cliente."
s063,Calendário editorial · Chevalier · Mês 1,Chevalier,Calendário,2026-05-25,,Aguardando cliente,,Sim,"Subtarefas: 1. Definir temas e datas do mês. 2. Montar grid visual. 3. Escrever legendas. 4. Revisar com o time. 5. Enviar para aprovação do cliente."
s064,Produção · 6 Reels · Chevalier · Mês 1,Chevalier,Reels,,,Aguardando cliente,,Sim,"6 reels para @chevalier. Subtarefas: 1. Briefing criativo dos 6 reels. 2. Roteiros. 3. Referências de edição. 4. Gravação (pendente liberação cliente). 5. Edição. 6. Revisão e entrega."
s065,Produção · 6 Posts estáticos · Chevalier · Mês 1,Chevalier,Post,,,Aguardando cliente,,Sim,"6 posts estáticos para @chevalier. Subtarefas: 1. Briefing visual. 2. Criação das artes. 3. Copys das legendas. 4. Revisão. 5. Entrega."
s070,Criação do perfil @triunfo no Instagram,Triunfo,Outros,2026-05-25,,Em produção,,Não,"Subtarefas: 1. Criar conta @triunfo. 2. Configurar como perfil comercial. 3. Bio alinhada ao posicionamento Triunfo. 4. Foto de perfil com identidade visual. 5. Capas dos primeiros destaques. 6. Informações de contato e link da LP."
s071,Personalização de perfil @courchevelinc,Courchevel,Outros,2026-05-29,,Em produção,,Não,"Subtarefas: 1. Reescrever bio alinhada ao reposicionamento. 2. Atualizar foto de perfil. 3. Criar/atualizar capas de destaques. 4. Revisar link e informações de contato. 5. Checar consistência com brandbook Courchevel."
s072,Personalização de perfil @allure.moema,Allure,Outros,2026-05-29,,Em produção,,Não,"Subtarefas: 1. Reescrever bio consolidando identidade Allure. 2. Atualizar foto de perfil. 3. Criar/atualizar capas de destaques. 4. Revisar link e informações de contato. 5. Checar consistência com brandbook Allure."
s073,Personalização de perfil @triunfo,Triunfo,Outros,2026-05-29,,Em produção,,Não,"Subtarefas: 1. Bio alinhada ao posicionamento Triunfo. 2. Foto de perfil com identidade visual. 3. Capas de destaques. 4. Link da LP. 5. Checar consistência com brandbook Triunfo."
s074,Personalização de perfil @chevalier,Chevalier,Outros,,,Aguardando cliente,,Sim,"Subtarefas: 1. Reescrever bio. 2. Atualizar foto de perfil. 3. Criar/atualizar capas de destaques. 4. Revisar link e informações de contato. 5. Checar consistência com brandbook Chevalier."
s075,Postagens semana 26-28/mai aprovadas e agendadas,Cross,Post,2026-05-27,,Em produção,,Não,"Posts da primeira semana prontos até quarta 27/05. Subtarefas: 1. Definir quais posts entram na semana 1 de cada perfil. 2. Finalizar artes e copys. 3. Enviar para aprovação do cliente (prazo 2 d.u.). 4. Agendar publicações."
